abonne_id,poste_id,is_fraud_verite_terrain,fraud_type_verite_terrain,jan,fev,mar,avr,mai,juin,juil,aout,sept,oct,nov,dec
CI-24-101-000,P-101,False,,108.2,106.8,105.4,114.4,115.4,123.5,107.6,108.6,97.5,94.1,98.4,104.4
CI-24-101-001,P-101,True,profil_plat,65.8,67.2,65.8,65.5,65.9,66.9,65.9,65.2,66.7,66.1,67.2,65.8
CI-24-101-002,P-101,False,,93.7,96.9,119.3,120.5,106.1,101.1,107.6,88.7,88.2,97.4,94.5,101.1
CI-24-101-003,P-101,False,,94.0,101.1,110.5,103.0,104.6,85.2,92.5,84.7,81.0,83.4,89.0,100.2
CI-24-101-004,P-101,False,,127.6,144.9,144.4,146.7,155.9,146.4,146.4,129.1,122.4,126.9,134.6,140.1
CI-24-101-005,P-101,False,,92.1,103.3,107.1,122.3,116.2,95.5,94.6,84.4,87.5,93.0,101.0,94.2
CI-24-101-006,P-101,False,,112.4,106.3,124.3,118.2,120.1,113.4,113.7,98.3,98.3,122.4,103.3,109.3
CI-24-101-007,P-101,False,,124.6,137.5,111.9,118.4,121.4,126.7,103.2,103.9,108.2,106.8,104.9,111.3
CI-24-101-008,P-101,False,,127.2,142.5,146.3,151.7,142.1,145.8,143.7,131.5,130.3,128.9,132.6,132.6
CI-24-101-009,P-101,False,,89.8,91.4,106.4,104.1,95.6,86.0,80.4,88.7,82.4,84.1,75.5,93.0
CI-24-101-010,P-101,False,,163.2,154.7,165.6,174.2,169.0,159.6,154.4,147.0,147.7,160.4,128.6,156.6
CI-24-101-011,P-101,False,,79.8,83.8,82.8,76.2,85.4,89.1,70.1,78.0,71.3,72.9,70.7,77.4
CI-24-101-012,P-101,False,,129.6,129.8,142.4,138.9,130.9,135.8,120.6,118.6,108.7,111.9,110.2,127.4
CI-24-101-013,P-101,False,,106.2,124.9,121.2,132.1,126.7,129.7,116.7,97.3,104.9,98.6,106.0,124.7
CI-24-101-014,P-101,False,,78.9,75.9,76.5,82.1,74.7,74.5,75.6,76.3,72.5,60.7,74.0,76.3
CI-24-101-015,P-101,False,,127.6,142.5,117.0,129.6,136.7,115.2,132.5,119.6,120.5,111.5,124.9,132.5
CI-24-101-016,P-101,False,,92.2,96.2,99.2,93.1,95.6,92.2,91.0,90.6,78.4,83.7,94.8,86.9
CI-24-101-017,P-101,False,,62.4,69.4,74.0,70.9,75.2,70.6,67.4,63.8,68.9,60.2,55.3,72.0
CI-24-101-018,P-101,False,,127.6,137.8,151.8,128.0,128.7,121.3,122.1,126.5,124.6,123.7,114.9,113.0
CI-24-101-019,P-101,True,chute_brutale,55.9,56.5,61.4,62.6,59.6,59.6,55.2,54.0,23.0,23.9,25.2,27.3
CI-24-101-020,P-101,False,,73.0,72.6,75.4,80.2,66.1,66.7,63.0,57.2,62.5,68.6,66.5,71.6
CI-24-101-021,P-101,False,,107.3,113.4,107.6,117.5,107.4,97.8,94.9,86.2,87.8,91.4,101.0,111.1
CI-24-101-022,P-101,False,,126.8,147.6,139.0,153.4,145.4,125.8,142.6,125.2,123.2,119.9,127.1,141.8
CI-24-101-023,P-101,False,,126.3,135.9,140.1,148.8,132.7,119.1,132.9,117.7,125.5,121.2,121.3,130.5
CI-24-101-024,P-101,False,,121.2,127.3,116.8,118.2,122.5,105.3,108.1,101.8,101.8,95.5,93.9,95.0
CI-24-101-025,P-101,False,,45.3,49.2,51.2,58.5,54.9,46.8,48.4,44.5,43.9,45.5,48.2,47.5
CI-24-101-026,P-101,False,,82.4,75.2,83.1,96.6,83.2,86.0,76.1,75.3,71.1,71.1,70.6,79.4
CI-24-101-027,P-101,False,,80.3,91.8,96.7,93.3,88.2,88.9,81.2,84.0,69.4,76.9,71.3,77.0
CI-24-101-028,P-101,False,,69.7,70.8,66.1,63.2,56.2,63.7,72.1,62.1,57.3,61.4,55.9,63.3
CI-24-101-029,P-101,True,chute_brutale,43.8,45.2,48.9,47.9,48.0,42.7,25.6,25.6,21.6,21.8,25.7,24.6
CI-24-101-030,P-101,False,,111.7,108.0,111.9,121.3,106.6,99.1,97.7,99.1,85.7,98.9,95.1,109.8
CI-24-101-031,P-101,False,,110.9,128.7,124.9,132.8,139.4,131.0,124.6,120.5,120.7,112.8,129.1,134.6
CI-24-101-032,P-101,False,,83.7,88.2,89.4,99.1,86.3,82.2,76.4,72.1,69.7,71.8,78.0,83.5
CI-24-101-033,P-101,False,,137.9,136.8,155.4,154.9,144.4,135.1,138.8,130.6,115.6,127.0,133.6,130.1
CI-24-101-034,P-101,False,,53.6,50.4,61.4,61.5,55.3,55.4,44.3,46.3,47.9,46.0,52.9,59.3
CI-24-101-035,P-101,False,,58.4,62.2,68.3,74.3,61.7,65.2,68.1,53.2,53.4,56.8,58.2,65.9
CI-24-101-036,P-101,False,,103.3,94.9,112.6,106.1,116.2,100.2,95.7,98.8,98.0,96.9,87.6,105.1
CI-24-101-037,P-101,False,,74.1,83.6,77.5,87.5,79.7,74.5,80.5,75.3,70.0,79.6,73.6,79.1
CI-24-101-038,P-101,False,,127.0,125.6,137.9,130.6,129.3,138.3,114.5,100.4,126.2,133.6,116.7,110.5
CI-24-101-039,P-101,False,,114.3,119.4,123.5,117.3,127.8,122.9,103.6,114.0,120.5,109.1,109.2,115.5
CI-24-101-040,P-101,False,,84.3,76.0,88.1,85.7,95.8,82.3,87.4,71.3,77.5,76.8,73.7,82.2
CI-24-101-041,P-101,False,,59.1,56.3,53.1,59.3,55.2,55.1,53.5,46.4,45.8,52.5,51.0,46.6
CI-24-101-042,P-101,False,,81.1,82.1,79.5,77.0,86.3,80.9,86.5,74.6,73.0,71.1,77.7,80.4
CI-24-101-043,P-101,False,,126.5,118.9,122.9,123.3,130.7,131.1,111.8,107.7,110.4,107.5,119.0,101.8
CI-24-101-044,P-101,False,,120.8,126.3,117.3,129.2,127.4,128.4,132.5,117.6,109.8,117.4,129.2,119.6
CI-24-101-045,P-101,False,,74.8,85.3,83.7,88.7,83.8,84.3,72.5,74.3,71.9,68.0,68.6,82.4
CI-24-101-046,P-101,False,,42.5,42.5,46.3,50.0,39.7,40.4,40.1,44.4,40.7,42.1,38.7,40.5
CI-24-101-047,P-101,False,,53.2,54.2,57.4,55.3,55.8,53.5,53.0,51.0,43.1,41.5,52.5,55.5
CI-24-101-048,P-101,False,,106.7,105.4,122.7,129.6,133.6,119.9,108.7,101.1,104.8,103.5,102.2,127.7
CI-24-101-049,P-101,False,,89.4,90.0,81.9,91.6,88.9,84.8,84.9,78.8,77.7,77.7,78.8,72.1
CI-24-101-050,P-101,False,,82.0,82.3,80.8,96.9,95.5,90.2,81.0,82.8,75.2,76.6,72.9,83.5
CI-24-101-051,P-101,False,,62.6,60.0,66.7,67.0,73.3,67.2,61.0,59.5,57.6,57.1,55.8,61.8
CI-24-101-052,P-101,False,,59.1,59.7,68.4,68.4,58.6,62.8,64.1,61.9,60.5,57.5,56.2,57.9
CI-24-101-053,P-101,False,,139.3,145.6,157.7,157.0,143.6,129.2,130.9,129.9,124.2,122.2,132.6,132.4
CI-24-101-054,P-101,False,,111.0,122.6,120.8,126.3,124.4,109.9,109.5,117.8,98.8,93.4,98.1,115.6
CI-24-101-055,P-101,False,,73.3,75.8,84.2,66.3,79.4,81.8,66.7,67.1,64.3,64.2,68.6,79.4
CI-24-101-056,P-101,True,profil_plat,48.1,49.1,48.4,48.6,48.4,48.7,48.7,47.0,48.9,47.7,47.4,48.4
CI-24-101-057,P-101,False,,106.4,105.9,119.2,105.1,109.5,104.5,103.2,101.1,91.6,102.4,101.7,93.9
CI-24-101-058,P-101,False,,162.1,191.5,194.5,197.0,194.5,190.4,189.8,161.1,157.3,159.2,178.8,197.4
CI-24-101-059,P-101,False,,58.2,53.0,57.6,61.3,61.3,59.6,58.6,55.1,58.5,53.2,54.2,61.5
CI-24-101-060,P-101,False,,95.6,112.4,113.7,112.6,122.3,103.6,115.6,97.6,89.5,98.0,94.2,100.5
CI-24-101-061,P-101,False,,139.5,146.8,140.7,155.7,154.5,151.3,137.4,138.4,111.3,123.9,123.5,137.2
CI-24-101-062,P-101,False,,168.4,180.1,208.2,186.2,189.5,175.8,171.2,163.9,164.9,173.0,183.3,177.6
CI-24-101-063,P-101,False,,74.1,69.5,76.4,81.6,79.9,74.1,73.7,69.3,70.7,67.5,67.0,73.0
CI-24-101-064,P-101,False,,66.2,85.7,67.3,77.7,87.5,84.5,73.0,72.3,80.1,72.3,87.2,80.3
CI-24-101-065,P-101,False,,128.6,143.6,135.7,127.3,132.2,128.0,112.6,116.1,110.4,122.8,120.3,123.4
CI-24-101-066,P-101,False,,47.9,51.0,53.6,48.9,47.9,52.6,46.0,41.5,45.6,46.0,41.9,48.9
CI-24-101-067,P-101,False,,114.4,116.9,122.0,108.3,118.5,110.0,104.0,108.4,109.9,112.6,113.1,108.9
CI-24-101-068,P-101,False,,216.9,231.8,229.5,231.0,236.4,216.4,198.5,194.6,203.0,197.0,207.4,220.9
CI-24-101-069,P-101,False,,111.8,124.8,125.5,114.3,131.8,113.5,100.7,100.8,98.9,106.4,107.7,112.1
CI-24-107-000,P-107,False,,125.2,130.4,133.1,134.6,145.9,109.8,107.2,113.3,114.9,120.4,122.7,121.8
CI-24-107-001,P-107,False,,116.4,121.5,119.0,125.3,118.3,108.4,111.7,103.8,101.0,110.7,89.5,100.4
CI-24-107-002,P-107,False,,115.6,127.1,131.5,122.2,124.2,120.7,139.6,129.6,111.8,112.9,110.9,110.3
CI-24-107-003,P-107,False,,80.7,79.7,86.7,79.3,82.2,83.8,81.2,78.3,68.9,79.2,74.0,84.4
CI-24-107-004,P-107,False,,97.1,93.0,102.3,107.2,106.9,98.5,103.7,96.8,88.1,94.2,103.8,108.6
CI-24-107-005,P-107,False,,137.3,146.0,173.2,149.8,144.7,147.1,148.5,138.4,131.2,131.9,135.7,140.4
CI-24-107-006,P-107,False,,118.8,111.0,118.1,109.5,109.6,102.3,85.9,90.1,85.8,83.8,92.8,112.8
CI-24-107-007,P-107,False,,117.6,132.5,129.6,133.2,118.2,124.3,120.3,106.9,112.2,113.0,109.1,109.9
CI-24-107-008,P-107,False,,88.8,100.3,104.6,98.3,101.6,101.1,96.9,98.2,94.8,83.3,100.7,92.6
CI-24-107-009,P-107,False,,79.0,77.9,77.8,71.6,78.1,68.9,76.9,76.2,65.2,70.2,68.1,71.6
CI-24-107-010,P-107,False,,133.6,132.9,151.3,133.8,143.5,131.3,130.8,116.8,117.2,117.6,116.0,132.8
CI-24-107-011,P-107,False,,149.7,155.6,168.8,169.0,149.3,150.6,135.5,135.5,127.9,146.5,140.8,142.2
CI-24-107-012,P-107,False,,107.2,90.8,94.3,113.1,106.5,103.8,90.0,93.9,103.2,97.3,96.7,97.4
CI-24-107-013,P-107,False,,63.1,58.8,70.4,73.3,62.0,63.4,58.8,57.2,59.7,52.4,64.1,67.5
CI-24-107-014,P-107,False,,118.9,107.2,121.8,140.0,106.7,120.9,109.7,118.9,106.7,114.7,119.4,134.1
CI-24-107-015,P-107,False,,114.1,123.3,112.9,133.6,116.9,114.2,112.8,98.4,107.8,113.3,112.5,104.5
CI-24-107-016,P-107,False,,86.7,95.2,83.2,88.2,97.5,90.8,87.5,91.2,82.7,84.2,97.2,86.3
CI-24-107-017,P-107,False,,236.8,266.2,273.9,259.9,247.4,289.6,247.9,223.4,241.6,229.1,234.4,257.1
CI-24-107-018,P-107,False,,161.4,186.4,209.2,194.1,181.3,173.4,166.8,161.8,157.4,171.1,150.0,184.0
CI-24-107-019,P-107,False,,111.7,121.9,114.3,133.1,130.2,123.6,101.5,112.7,107.8,95.7,109.2,116.8
CI-24-107-020,P-107,False,,119.8,122.2,126.5,136.1,131.9,98.1,111.1,107.8,95.5,108.1,119.2,108.3
CI-24-107-021,P-107,True,profil_plat,66.6,66.8,66.5,66.4,67.7,67.2,67.6,67.0,67.5,66.5,69.2,65.4
CI-24-107-022,P-107,True,ecart_voisinage,105.2,110.4,99.5,119.6,109.9,105.8,95.7,90.7,88.9,92.8,101.4,98.8
CI-24-107-023,P-107,True,chute_brutale,97.8,102.6,103.9,58.2,53.9,49.9,47.9,43.8,48.2,47.6,48.1,42.5
CI-24-107-024,P-107,False,,111.8,124.1,114.4,136.5,122.4,121.1,129.6,119.3,105.2,104.1,109.2,120.0
CI-24-107-025,P-107,False,,91.9,94.2,107.9,99.1,111.6,95.1,100.0,88.7,90.0,82.0,83.9,95.0
CI-24-107-026,P-107,False,,60.6,59.9,56.7,56.7,55.5,52.3,56.3,57.4,52.7,45.9,54.1,56.7
CI-24-107-027,P-107,False,,51.2,43.3,47.6,54.1,49.5,48.0,44.7,43.5,43.8,40.1,45.8,41.7
CI-24-107-028,P-107,False,,107.7,111.4,109.1,113.8,107.8,101.0,101.0,92.6,99.1,91.2,105.4,98.1
CI-24-107-029,P-107,False,,166.6,173.2,199.8,189.8,180.6,181.7,147.3,161.6,177.9,161.2,165.7,178.2
CI-24-107-030,P-107,False,,94.3,82.1,86.3,97.8,90.8,98.7,85.8,74.3,76.1,69.3,84.4,88.5
CI-24-107-031,P-107,False,,95.8,109.2,113.0,105.0,90.9,104.2,99.3,94.1,95.8,84.8,105.4,92.6
CI-24-107-032,P-107,False,,83.2,74.7,80.7,93.8,83.2,85.6,79.0,74.4,79.4,72.8,68.1,75.8
CI-24-107-033,P-107,False,,48.1,49.7,45.2,48.0,47.6,46.6,41.7,42.1,41.0,45.2,46.7,46.1
CI-24-107-034,P-107,False,,82.6,89.0,86.3,85.0,84.6,83.2,76.9,80.2,81.3,70.9,81.0,83.4
CI-24-107-035,P-107,False,,98.0,100.1,94.0,95.8,102.0,104.3,81.4,92.1,94.7,88.2,94.9,92.0
CI-24-107-036,P-107,False,,102.8,97.5,95.4,118.0,103.3,102.9,92.8,89.0,94.3,91.8,101.3,106.3
CI-24-107-037,P-107,False,,162.2,168.4,186.9,160.7,168.2,173.8,167.4,136.8,143.8,159.6,156.9,161.0
CI-24-107-038,P-107,False,,116.8,120.6,129.2,125.8,125.2,121.6,111.0,114.7,128.0,98.0,115.4,112.9
CI-24-107-039,P-107,False,,165.7,167.5,179.6,185.0,171.8,174.8,134.5,164.8,150.8,158.1,142.0,152.1
CI-24-107-040,P-107,False,,125.5,129.6,135.7,143.0,117.9,134.6,121.7,115.5,104.4,118.8,101.8,129.2
CI-24-107-041,P-107,False,,108.9,125.2,127.4,138.1,125.5,117.2,113.3,120.9,113.7,108.3,112.8,108.4
CI-24-107-042,P-107,False,,131.9,120.3,144.6,140.2,156.3,123.1,125.3,134.2,127.2,114.6,125.0,128.9
CI-24-107-043,P-107,False,,67.7,66.6,71.1,65.0,71.2,69.9,64.2,56.5,65.0,63.1,61.0,65.5
CI-24-107-044,P-107,False,,124.2,133.6,141.7,158.2,139.2,144.9,129.1,130.1,124.6,133.2,126.4,123.6
CI-24-107-045,P-107,False,,77.7,85.6,84.1,93.7,87.4,99.0,74.2,80.6,72.8,76.3,81.8,72.9
CI-24-107-046,P-107,False,,87.2,99.9,89.7,94.2,96.8,87.0,81.1,69.7,82.2,79.2,77.2,86.6
CI-24-107-047,P-107,False,,95.6,100.0,110.1,98.3,111.6,92.8,93.0,103.8,97.4,92.4,89.4,95.9
CI-24-107-048,P-107,False,,81.7,85.1,86.8,87.7,85.2,76.0,77.1,80.7,68.8,74.6,74.0,81.9
CI-24-107-049,P-107,False,,59.4,69.0,67.2,60.4,67.0,59.3,57.3,58.2,54.3,59.4,55.4,58.5
CI-24-107-050,P-107,False,,92.0,96.5,109.5,107.3,112.0,111.3,87.8,90.4,82.0,84.7,88.2,89.7
CI-24-107-051,P-107,False,,80.7,89.1,85.7,97.7,86.3,102.9,81.9,81.3,73.1,88.0,87.9,87.7
CI-24-107-052,P-107,False,,78.0,89.6,84.9,99.6,94.3,87.2,70.8,75.0,81.3,84.4,86.5,76.7
CI-24-107-053,P-107,False,,93.2,101.4,88.5,98.8,98.7,92.0,79.6,84.4,82.7,84.2,84.7,89.2
CI-24-107-054,P-107,False,,35.6,38.2,37.5,37.5,38.0,32.2,35.8,33.5,32.9,35.0,30.1,31.4
CI-24-142-000,P-142,False,,103.5,113.9,108.5,122.6,106.0,108.3,101.6,102.2,95.4,98.3,101.6,103.0
CI-24-142-001,P-142,False,,106.0,109.0,110.0,108.3,114.5,103.9,98.9,97.4,104.5,87.9,103.1,91.3
CI-24-142-002,P-142,False,,128.7,145.0,140.3,138.5,130.2,130.1,122.3,113.7,114.9,119.2,115.9,120.9
CI-24-142-003,P-142,False,,108.2,125.8,130.5,128.9,132.2,121.1,117.9,112.7,107.9,105.8,127.7,114.6
CI-24-142-004,P-142,True,chute_brutale,152.5,170.0,173.0,100.4,115.0,103.3,92.7,102.3,97.1,87.1,107.6,105.6
CI-24-142-005,P-142,False,,70.1,67.4,68.5,66.3,70.2,67.3,62.6,57.3,59.4,59.1,56.3,58.3
CI-24-142-006,P-142,False,,142.3,121.2,149.5,144.3,157.4,136.6,139.8,126.2,127.6,133.2,128.0,145.8
CI-24-142-007,P-142,True,ecart_voisinage,33.5,37.8,40.3,39.9,42.1,34.7,31.9,31.4,34.1,34.0,34.3,33.2
CI-24-142-008,P-142,False,,121.8,146.6,165.2,144.9,144.2,130.4,114.5,119.0,113.1,111.3,138.7,133.6
CI-24-142-009,P-142,False,,58.5,58.5,60.7,65.3,60.5,60.3,55.2,52.6,48.2,46.7,53.8,57.4
CI-24-142-010,P-142,False,,113.1,127.6,131.9,115.2,122.9,128.4,122.6,107.2,113.9,120.6,122.7,121.9
CI-24-142-011,P-142,False,,102.3,105.7,116.1,114.9,115.9,108.5,108.0,99.5,101.5,102.7,95.9,93.9
CI-24-142-012,P-142,False,,191.6,185.7,168.8,181.1,194.6,176.3,166.1,178.6,151.3,154.8,169.9,179.4
CI-24-142-013,P-142,False,,75.6,80.7,79.6,81.5,76.6,75.3,72.2,69.8,70.7,70.3,70.4,69.8
CI-24-142-014,P-142,False,,139.2,144.4,150.5,169.4,142.4,145.4,144.2,131.0,145.6,125.6,135.2,132.0
CI-24-142-015,P-142,False,,51.0,55.2,58.7,57.3,59.4,53.0,49.9,56.9,49.1,46.2,47.8,49.2
CI-24-142-016,P-142,False,,102.5,99.0,104.9,104.3,107.4,94.2,88.7,92.4,92.6,91.8,88.3,101.0
CI-24-142-017,P-142,False,,76.9,81.4,81.5,93.7,88.6,85.3,84.6,88.4,66.5,71.4,74.2,76.4
CI-24-142-018,P-142,True,chute_brutale,66.9,73.3,71.2,36.2,35.0,34.6,33.2,32.0,29.6,34.4,31.9,29.2
CI-24-142-019,P-142,False,,75.0,87.4,89.1,87.8,99.5,88.4,85.4,74.2,72.5,77.8,80.9,74.4
CI-24-142-020,P-142,True,ecart_voisinage,64.7,68.3,69.3,67.2,67.2,66.2,64.3,63.7,64.2,59.6,60.9,67.2
CI-24-142-021,P-142,False,,86.5,97.0,100.8,103.2,104.2,86.1,86.8,83.5,81.3,79.1,77.4,89.3
CI-24-142-022,P-142,False,,108.2,118.9,115.9,114.3,121.9,117.0,114.7,120.5,106.2,108.2,101.5,104.6
CI-24-142-023,P-142,False,,138.6,124.7,127.3,136.3,133.5,122.4,121.4,127.7,110.9,107.5,127.9,130.3
CI-24-142-024,P-142,True,chute_brutale,164.6,161.5,175.2,183.9,194.0,164.0,88.2,88.7,71.6,89.3,80.6,92.5
CI-24-142-025,P-142,False,,112.1,97.1,110.9,118.1,113.7,114.1,111.1,105.7,98.6,89.5,101.0,111.2
CI-24-142-026,P-142,False,,81.5,94.4,98.6,94.8,75.5,82.3,94.9,79.2,70.7,86.8,83.5,93.0
CI-24-142-027,P-142,False,,82.4,86.9,88.8,91.1,97.7,87.7,71.7,78.2,79.7,80.6,75.5,86.7
CI-24-142-028,P-142,True,profil_plat,59.9,59.0,59.5,59.0,60.0,58.8,59.2,59.1,58.5,59.1,60.7,58.5
CI-24-142-029,P-142,False,,74.2,81.2,83.0,78.2,65.8,76.3,61.3,74.0,67.3,71.2,65.5,65.6
CI-24-142-030,P-142,False,,59.5,61.0,61.0,63.6,72.5,62.9,60.9,57.9,58.8,53.7,49.2,58.0
CI-24-142-031,P-142,False,,136.8,128.2,138.5,135.0,150.8,139.4,132.5,127.2,119.9,122.4,116.0,113.4
CI-24-142-032,P-142,False,,173.4,182.8,197.7,202.9,199.4,165.2,164.4,166.1,182.3,173.5,175.5,167.8
CI-24-142-033,P-142,False,,123.3,142.3,130.5,138.5,137.1,145.9,124.6,104.4,123.5,115.7,124.9,129.5
CI-24-142-034,P-142,False,,76.6,85.1,75.9,81.5,86.0,76.7,68.8,76.1,76.6,72.0,65.8,81.2
CI-24-142-035,P-142,False,,33.5,39.5,37.8,37.4,38.4,37.6,35.0,36.2,33.3,36.5,36.2,35.6
CI-24-142-036,P-142,False,,55.6,55.1,64.0,61.9,53.3,58.0,54.2,60.3,48.5,49.7,59.8,63.4
CI-24-142-037,P-142,True,ecart_voisinage,27.1,28.5,31.6,26.4,26.8,28.6,30.4,26.0,26.3,28.1,30.6,27.4
CI-24-142-038,P-142,True,chute_brutale,163.0,139.3,167.4,148.9,156.8,80.8,73.9,70.9,75.1,78.8,76.1,80.5
CI-24-142-039,P-142,False,,53.3,61.7,63.7,70.7,58.7,56.3,57.9,55.8,50.5,51.2,55.9,53.8
CI-24-142-040,P-142,False,,82.9,89.1,96.6,88.4,80.1,76.9,76.8,73.5,77.5,73.2,77.9,81.0
CI-24-142-041,P-142,False,,45.2,52.2,51.7,50.1,47.8,46.2,46.2,45.1,40.4,43.1,39.0,47.0
CI-24-142-042,P-142,False,,81.7,80.2,93.0,79.9,84.0,79.7,75.9,72.9,72.4,76.2,81.0,78.1
CI-24-142-043,P-142,False,,78.1,74.4,83.6,76.7,84.2,86.3,72.3,60.8,66.3,74.2,73.6,75.6
CI-24-142-044,P-142,False,,131.3,132.9,142.5,141.0,143.3,129.3,127.6,114.2,109.9,126.6,120.0,129.8
CI-24-142-045,P-142,False,,125.6,125.5,133.8,146.1,136.6,114.4,120.3,129.6,113.3,103.1,132.8,129.8
CI-24-142-046,P-142,False,,96.6,99.0,110.9,101.3,110.0,102.5,96.2,92.0,88.4,95.6,88.0,87.6
CI-24-142-047,P-142,False,,80.3,83.9,85.5,85.6,80.6,82.9,75.5,70.6,70.0,80.5,66.4,79.8
CI-24-142-048,P-142,False,,60.3,69.5,70.1,63.3,72.8,67.0,57.3,66.2,67.1,67.7,65.5,67.2
CI-24-142-049,P-142,True,profil_plat,54.2,53.2,53.1,54.9,55.0,53.1,54.7,53.8,54.2,54.3,54.7,54.0
CI-24-142-050,P-142,False,,170.2,166.7,174.6,160.9,188.0,165.0,159.9,133.2,137.4,156.3,152.7,138.9
CI-24-142-051,P-142,False,,76.9,73.1,84.2,77.7,77.7,79.3,67.0,64.0,65.9,70.5,63.7,65.2
CI-24-142-052,P-142,False,,87.1,83.5,87.0,79.6,84.5,84.9,85.7,74.4,84.1,73.8,76.2,90.7
CI-24-142-053,P-142,True,ecart_voisinage,38.9,38.7,40.8,44.8,44.3,37.3,37.4,36.2,33.2,35.5,36.7,41.0
CI-24-142-054,P-142,False,,40.4,43.4,40.8,41.3,42.8,38.3,39.2,36.2,33.6,33.9,40.3,38.4
CI-24-142-055,P-142,False,,102.6,94.4,101.9,115.2,92.7,84.6,98.3,83.4,85.9,83.5,90.8,88.0
CI-24-142-056,P-142,False,,72.7,78.8,74.1,76.0,76.3,68.7,70.0,69.6,66.1,67.1,70.2,70.6
CI-24-142-057,P-142,False,,143.7,156.3,143.9,153.2,144.2,144.1,147.5,133.6,113.5,131.4,141.7,136.1
CI-24-142-058,P-142,False,,45.3,42.8,41.8,46.5,40.6,43.1,45.0,35.6,36.3,37.2,40.8,41.8
CI-24-142-059,P-142,False,,69.9,71.1,71.2,70.2,70.0,62.5,66.3,56.6,62.4,64.1,62.5,63.8
CI-24-118-000,P-118,False,,117.6,114.1,120.1,129.9,126.9,109.4,105.5,107.6,115.6,93.3,110.6,104.3
CI-24-118-001,P-118,False,,104.9,111.3,114.1,113.9,115.7,108.0,97.3,107.3,105.0,106.3,94.7,111.0
CI-24-118-002,P-118,False,,97.3,91.6,100.4,100.3,110.2,106.7,82.3,101.0,81.4,91.8,94.7,88.0
CI-24-118-003,P-118,False,,95.3,95.9,102.6,101.3,105.2,95.1,89.6,92.7,88.2,89.6,85.0,86.8
CI-24-118-004,P-118,False,,86.8,90.2,100.9,102.6,94.4,99.8,95.0,85.7,78.7,91.2,85.7,90.5
CI-24-118-005,P-118,False,,98.6,99.4,98.4,112.7,101.7,121.8,91.9,87.4,95.5,101.8,96.6,104.1
CI-24-118-006,P-118,False,,131.5,148.0,148.4,141.4,157.9,130.8,133.1,134.4,129.4,140.4,144.1,155.8
CI-24-118-007,P-118,False,,108.0,115.1,110.8,113.5,112.9,106.5,98.6,95.1,90.5,98.2,98.3,99.2
CI-24-118-008,P-118,False,,40.8,41.1,48.2,46.0,42.7,45.5,40.1,36.5,41.5,38.1,39.6,42.5
CI-24-118-009,P-118,False,,78.5,76.7,73.1,81.8,75.6,83.6,71.8,59.7,69.1,76.0,76.9,81.5
CI-24-118-010,P-118,False,,59.4,69.6,64.9,69.2,61.9,62.2,59.3,62.6,61.0,59.6,55.6,62.1
CI-24-118-011,P-118,False,,191.8,220.4,230.6,230.4,203.2,171.5,175.4,204.7,180.4,177.8,211.0,216.0
CI-24-118-012,P-118,False,,55.8,57.1,59.3,61.0,64.8,58.4,56.9,56.0,47.7,54.0,52.4,47.3
CI-24-118-013,P-118,False,,167.9,188.6,213.1,209.2,206.4,219.9,173.8,180.6,180.5,170.6,184.5,174.0
CI-24-118-014,P-118,False,,102.6,94.6,113.8,101.9,106.5,96.4,92.3,85.8,87.7,89.4,86.2,93.9
CI-24-118-015,P-118,False,,59.8,73.7,66.2,73.2,65.0,64.4,55.9,56.7,57.9,63.0,60.2,67.2
CI-24-118-016,P-118,False,,259.5,286.1,267.1,308.3,257.3,243.7,226.5,267.6,241.4,227.0,257.0,260.2
CI-24-118-017,P-118,False,,72.5,61.3,68.4,68.0,60.6,70.5,62.3,63.6,68.1,58.8,60.4,65.3
CI-24-118-018,P-118,True,profil_plat,31.6,31.9,32.4,32.2,32.5,31.7,32.4,32.8,32.5,32.3,32.2,31.9
CI-24-118-019,P-118,False,,146.1,164.6,156.2,149.9,151.0,151.8,140.2,141.8,139.3,143.3,152.3,155.5
CI-24-118-020,P-118,False,,139.9,146.3,158.3,155.7,146.5,147.6,140.8,133.7,133.9,147.2,143.5,170.2
CI-24-118-021,P-118,False,,89.8,91.1,95.3,97.4,96.7,102.2,82.4,87.8,82.8,74.6,88.9,95.6
CI-24-118-022,P-118,False,,55.9,61.5,56.7,58.8,66.5,58.6,53.8,56.2,52.6,53.1,58.9,54.9
CI-24-118-023,P-118,False,,75.8,84.4,91.0,93.0,81.6,86.6,74.7,83.6,68.8,80.3,73.7,89.9
CI-24-118-024,P-118,False,,104.1,98.5,104.5,113.6,113.4,102.4,98.6,98.8,93.3,86.0,91.5,102.0
CI-24-118-025,P-118,False,,59.0,62.9,61.8,60.4,60.9,54.0,53.3,49.1,46.9,52.0,53.2,57.3
CI-24-118-026,P-118,False,,114.1,116.9,122.5,118.9,120.0,108.0,110.4,107.9,97.6,102.7,101.7,107.0
CI-24-118-027,P-118,False,,128.9,155.2,157.8,154.0,164.0,139.8,159.7,128.1,129.3,125.1,135.2,145.2
CI-24-118-028,P-118,False,,44.6,51.9,48.9,49.3,45.0,47.1,43.6,40.7,39.4,48.3,42.3,41.0
CI-24-118-029,P-118,False,,133.4,144.8,154.2,155.2,153.6,136.8,138.9,123.9,123.4,122.0,123.7,148.1
CI-24-118-030,P-118,False,,72.7,77.1,75.1,78.9,66.2,75.1,69.0,68.1,65.8,60.9,60.8,66.8
CI-24-118-031,P-118,False,,200.9,211.1,191.3,197.4,197.1,194.4,174.4,167.0,170.1,181.1,172.7,193.0
CI-24-118-032,P-118,False,,141.1,127.6,140.5,151.9,137.1,131.0,138.7,122.3,130.2,126.2,124.3,136.5
CI-24-118-033,P-118,False,,124.8,135.6,127.1,132.5,129.4,130.5,112.4,122.1,115.9,104.6,125.7,138.9
CI-24-118-034,P-118,False,,94.3,100.8,95.9,86.4,83.9,92.4,83.9,79.0,81.6,85.5,77.7,86.6
CI-24-118-035,P-118,False,,289.4,259.0,299.5,278.0,290.6,289.2,270.9,262.9,227.5,262.5,240.9,269.5
CI-24-118-036,P-118,False,,78.9,83.4,85.0,79.6,75.7,83.6,76.8,78.0,71.3,65.9,78.6,75.9
CI-24-118-037,P-118,False,,61.4,60.3,70.9,61.5,62.5,61.9,54.9,57.6,60.7,54.1,58.9,50.2
CI-24-118-038,P-118,False,,70.7,72.6,72.3,81.5,73.7,71.7,67.7,59.0,60.9,69.5,59.2,67.6
CI-24-118-039,P-118,False,,145.8,172.2,167.7,155.9,170.9,146.0,154.9,128.9,146.4,135.2,134.1,147.5
CI-24-118-040,P-118,False,,101.4,100.9,110.5,103.8,109.7,104.7,97.1,91.2,92.7,95.5,107.2,105.3
CI-24-118-041,P-118,False,,98.8,115.4,103.2,103.6,103.1,89.6,88.8,85.0,89.3,85.6,90.0,99.4
CI-24-118-042,P-118,False,,82.2,80.8,80.5,90.1,86.8,72.2,75.0,74.2,75.3,76.4,76.1,80.9
CI-24-118-043,P-118,True,profil_plat,40.2,40.9,41.4,40.9,39.5,40.3,40.5,40.5,40.7,39.8,40.4,40.6
CI-24-118-044,P-118,False,,79.6,75.3,79.6,68.5,77.4,75.1,69.6,71.9,69.6,60.8,73.5,71.6
CI-24-133-000,P-133,True,profil_plat,54.6,53.1,54.2,55.4,53.9,54.4,54.5,53.2,54.5,52.9,53.5,54.9
CI-24-133-001,P-133,False,,99.0,99.3,106.8,104.2,102.9,103.0,90.6,91.3,87.6,81.3,87.6,106.1
CI-24-133-002,P-133,False,,111.6,104.8,106.2,117.0,126.6,110.3,115.0,104.7,103.3,93.1,110.3,106.9
CI-24-133-003,P-133,False,,89.8,84.7,92.6,94.1,89.7,89.4,82.1,77.1,86.2,84.2,78.0,88.3
CI-24-133-004,P-133,False,,45.9,46.6,54.8,46.6,53.8,48.4,46.4,46.3,45.8,42.4,48.0,48.4
CI-24-133-005,P-133,False,,88.1,98.4,110.7,113.2,105.4,90.5,95.9,94.1,91.6,92.5,93.2,94.9
CI-24-133-006,P-133,False,,120.4,115.5,136.8,136.4,137.0,117.5,126.9,131.9,115.6,115.5,121.8,140.2
CI-24-133-007,P-133,False,,57.7,64.9,62.8,64.2,65.0,67.9,66.6,59.3,55.3,65.5,57.3,59.4
CI-24-133-008,P-133,False,,94.3,119.4,119.8,130.4,102.6,117.4,103.6,104.0,87.6,106.5,105.8,105.3
CI-24-133-009,P-133,False,,211.4,202.5,210.7,213.5,191.8,218.8,213.1,183.1,191.3,185.7,198.5,195.8
CI-24-133-010,P-133,False,,87.7,102.7,99.0,112.1,98.5,89.4,97.2,90.3,89.0,92.0,85.1,91.9
CI-24-133-011,P-133,False,,93.7,91.1,100.0,110.4,101.8,89.0,83.9,97.8,86.7,84.4,89.1,86.3
CI-24-133-012,P-133,False,,50.4,47.3,53.9,50.3,53.4,48.2,47.7,45.5,44.3,43.9,43.8,51.8
CI-24-133-013,P-133,False,,55.2,60.9,62.7,64.5,60.3,60.8,56.5,49.6,53.8,50.5,50.0,58.8
CI-24-133-014,P-133,False,,68.5,71.7,73.9,63.5,64.8,76.1,61.0,64.8,58.8,62.0,61.3,68.8
CI-24-133-015,P-133,False,,123.9,124.7,123.5,134.7,120.8,128.8,139.0,124.8,118.0,113.3,103.9,113.1
CI-24-133-016,P-133,False,,68.1,62.9,65.0,67.6,62.8,59.9,61.7,56.3,55.7,55.9,62.4,62.4
CI-24-133-017,P-133,True,profil_plat,15.0,14.9,15.1,15.1,15.1,14.9,15.2,15.0,15.1,15.0,15.0,14.8
CI-24-133-018,P-133,False,,118.5,138.8,119.2,123.2,117.3,112.8,121.4,102.5,101.7,95.4,103.8,102.0
CI-24-133-019,P-133,False,,71.8,84.3,72.6,67.2,77.3,67.7,72.9,63.9,61.3,63.5,69.2,68.3
CI-24-133-020,P-133,False,,45.8,48.6,46.8,52.1,44.7,47.0,48.2,45.1,45.0,43.6,48.3,49.8
CI-24-133-021,P-133,False,,132.9,142.5,145.1,136.0,126.2,135.7,130.6,129.5,112.5,113.5,127.2,128.9
CI-24-133-022,P-133,False,,72.0,86.6,77.4,82.6,93.1,92.1,73.6,74.8,74.9,83.3,75.4,78.9
CI-24-133-023,P-133,False,,129.3,120.6,132.4,116.3,124.2,108.9,108.3,116.7,108.6,107.6,108.1,116.7
CI-24-133-024,P-133,False,,47.3,51.4,42.0,47.7,49.8,47.3,46.6,44.4,42.0,41.8,43.8,49.7
CI-24-133-025,P-133,False,,32.5,35.4,36.9,40.2,35.4,36.8,35.7,31.8,30.9,30.9,32.1,35.8
CI-24-133-026,P-133,False,,102.6,107.1,101.3,102.9,121.2,102.4,94.4,103.3,94.8,97.1,96.1,99.3
CI-24-133-027,P-133,True,profil_plat,21.3,21.6,21.8,21.2,21.4,21.8,21.6,21.9,21.4,22.0,21.4,22.3
CI-24-133-028,P-133,True,profil_plat,41.9,40.9,41.9,41.4,42.6,41.9,42.5,41.3,41.8,41.1,41.5,41.6
CI-24-133-029,P-133,False,,97.1,98.2,99.7,94.2,100.9,107.8,89.7,87.6,103.6,90.6,99.0,105.5
CI-24-133-030,P-133,False,,99.8,91.0,101.6,93.5,116.8,88.8,87.9,84.6,80.5,96.2,105.2,93.3
CI-24-133-031,P-133,False,,137.5,134.9,157.8,158.1,152.2,154.7,149.4,143.0,134.9,129.3,148.6,149.4
CI-24-133-032,P-133,False,,296.8,307.9,276.5,277.9,285.3,269.9,287.9,270.3,276.6,267.5,273.0,302.1
CI-24-133-033,P-133,False,,116.0,118.2,131.8,122.6,117.4,109.5,114.9,113.8,103.5,112.8,95.2,112.4
CI-24-133-034,P-133,False,,202.9,202.9,249.4,218.6,210.4,208.3,174.9,182.4,198.3,181.5,184.9,219.4
CI-24-133-035,P-133,False,,48.8,48.6,47.1,48.1,45.6,43.4,41.4,40.9,39.0,38.0,43.8,45.8
CI-24-133-036,P-133,False,,90.5,82.3,89.7,90.3,85.8,87.7,84.0,78.7,74.5,74.5,72.1,78.2
CI-24-133-037,P-133,False,,50.9,51.5,58.2,61.2,53.0,55.0,48.5,48.8,46.7,50.8,48.5,56.1
CI-24-133-038,P-133,False,,70.2,71.4,70.7,78.0,79.6,74.0,79.0,72.7,64.4,64.8,70.1,67.6
CI-24-133-039,P-133,False,,90.2,89.8,91.8,94.7,98.6,87.1,81.8,86.4,82.1,76.6,80.7,85.3
CI-24-133-040,P-133,False,,215.9,202.5,205.7,215.9,211.1,207.7,214.4,196.5,196.9,181.5,196.6,218.7
CI-24-133-041,P-133,False,,101.9,98.2,106.6,120.2,104.2,96.4,95.2,93.0,89.8,91.1,86.0,92.7
CI-24-133-042,P-133,False,,150.4,156.8,157.3,162.1,161.6,163.5,147.5,146.0,135.2,145.6,148.5,159.7
CI-24-133-043,P-133,True,ecart_voisinage,48.1,49.8,49.2,50.5,52.0,45.3,43.4,43.8,43.5,40.6,43.9,45.9
CI-24-133-044,P-133,False,,74.1,77.6,79.7,87.9,73.8,72.9,61.9,68.5,67.5,67.5,76.6,78.9
CI-24-133-045,P-133,False,,45.9,46.6,52.1,49.3,46.1,41.9,43.5,44.9,47.8,42.5,41.7,42.5
CI-24-133-046,P-133,False,,215.1,194.2,230.7,235.7,226.5,210.1,210.4,197.6,182.7,214.4,195.0,217.9
CI-24-133-047,P-133,False,,149.0,195.7,203.4,188.4,191.0,184.1,163.8,169.1,152.7,155.7,178.0,184.4
CI-24-133-048,P-133,True,chute_brutale,101.5,105.8,109.3,119.5,105.7,110.7,108.3,60.9,63.7,59.3,61.6,61.4
CI-24-133-049,P-133,False,,88.3,89.8,86.9,89.9,99.3,89.5,79.4,82.7,78.9,96.8,84.1,84.5
CI-24-133-050,P-133,False,,108.6,92.8,107.9,120.9,105.3,91.6,95.5,102.2,94.2,88.1,91.8,96.7
CI-24-133-051,P-133,False,,53.1,58.6,59.3,57.6,50.7,48.9,52.4,44.9,47.2,49.1,46.3,48.8
CI-24-133-052,P-133,False,,117.5,127.0,134.9,132.2,125.9,115.4,108.1,107.6,111.5,111.8,98.8,112.6
CI-24-133-053,P-133,False,,179.9,175.8,164.7,206.6,177.6,175.5,167.9,154.1,147.7,175.3,170.2,176.0
CI-24-133-054,P-133,True,ecart_voisinage,105.7,100.2,118.0,104.7,110.2,94.2,87.6,97.8,89.5,83.4,100.9,115.2
CI-24-133-055,P-133,False,,45.8,48.5,52.6,53.6,48.3,47.7,46.3,45.1,42.5,42.8,48.2,49.9
CI-24-133-056,P-133,False,,155.5,174.0,158.4,179.0,165.5,184.9,137.2,136.2,142.7,143.5,161.6,145.1
CI-24-133-057,P-133,False,,55.0,58.2,58.3,53.0,60.0,57.2,52.8,49.6,48.7,48.1,51.8,52.2
CI-24-129-000,P-129,False,,66.8,70.1,62.3,77.8,63.9,72.5,67.4,63.1,56.7,60.8,60.4,65.1
CI-24-129-001,P-129,False,,66.9,62.2,77.8,73.0,70.0,67.1,67.8,60.4,54.1,64.5,67.0,67.1
CI-24-129-002,P-129,False,,88.0,99.2,92.5,95.7,95.7,101.6,90.4,86.4,97.3,89.5,92.3,92.4
CI-24-129-003,P-129,False,,114.4,107.5,134.7,131.5,124.5,120.3,121.1,101.1,105.4,102.5,125.6,124.9
CI-24-129-004,P-129,False,,151.4,165.5,185.7,183.0,170.3,199.3,173.8,168.6,154.0,168.8,163.1,171.5
CI-24-129-005,P-129,False,,81.6,74.1,92.6,85.9,89.9,75.3,72.7,68.8,73.6,73.3,73.2,74.0
CI-24-129-006,P-129,False,,37.3,42.0,42.1,41.8,46.8,41.1,42.5,36.7,37.7,37.3,34.7,43.9
CI-24-129-007,P-129,False,,143.3,157.5,148.0,154.4,145.2,158.7,143.8,138.7,143.9,143.2,144.6,132.1
CI-24-129-008,P-129,False,,146.1,149.5,170.7,166.3,148.2,154.2,135.7,142.8,126.5,145.9,149.2,170.0
CI-24-129-009,P-129,False,,85.2,82.4,91.3,80.2,81.0,84.6,69.0,76.0,70.1,75.6,72.6,83.1
CI-24-129-010,P-129,False,,152.8,172.6,163.8,157.1,159.4,143.4,152.8,148.4,161.3,136.2,143.6,147.3
CI-24-129-011,P-129,False,,64.2,67.6,67.7,72.8,64.7,68.6,63.9,59.5,57.2,67.3,57.6,64.5
CI-24-129-012,P-129,False,,67.4,81.5,79.7,73.1,77.1,73.3,66.8,69.3,66.5,66.3,67.3,72.4
CI-24-129-013,P-129,False,,67.4,69.6,68.6,79.0,66.0,69.7,63.7,69.0,57.9,58.9,59.9,67.8
CI-24-129-014,P-129,False,,142.2,157.0,144.8,169.6,159.4,144.3,161.3,134.2,149.5,137.6,162.5,161.9
CI-24-129-015,P-129,False,,49.9,52.3,59.0,56.4,55.7,58.4,49.6,50.2,51.7,51.6,50.3,52.2
CI-24-129-016,P-129,False,,101.6,110.9,124.0,121.4,120.9,123.2,103.0,105.1,105.7,100.8,117.9,119.6
CI-24-129-017,P-129,False,,115.4,131.1,110.7,122.3,122.9,109.6,112.9,99.5,108.8,111.8,110.3,100.8
CI-24-129-018,P-129,False,,124.8,142.8,142.3,119.8,150.9,136.5,123.1,131.9,117.0,117.7,129.4,146.6
CI-24-129-019,P-129,False,,88.6,86.1,89.0,91.3,79.2,85.8,75.5,77.3,73.3,77.1,77.8,65.9
CI-24-129-020,P-129,False,,172.6,185.0,188.1,183.1,198.9,177.8,171.3,170.5,160.6,149.8,139.5,165.8
CI-24-129-021,P-129,False,,140.3,137.0,150.8,146.1,153.3,134.8,134.8,129.9,134.7,111.7,124.8,141.0
CI-24-129-022,P-129,False,,87.0,84.2,83.9,89.8,88.8,79.6,79.3,80.1,81.6,77.1,76.3,79.3
CI-24-129-023,P-129,False,,71.5,71.7,75.0,69.9,79.1,65.9,65.9,65.4,71.3,62.5,63.5,66.9
CI-24-129-024,P-129,True,chute_brutale,99.3,78.3,91.0,113.4,99.2,86.2,56.6,54.7,56.2,59.8,56.8,56.2
CI-24-129-025,P-129,False,,73.6,73.2,76.3,80.1,77.3,81.7,71.2,59.8,67.7,70.7,72.3,85.6
CI-24-129-026,P-129,False,,62.0,70.8,69.0,69.3,64.9,65.6,60.1,61.1,58.5,56.3,65.3,66.1
CI-24-129-027,P-129,False,,96.2,104.0,105.5,101.1,105.3,97.3,91.2,83.8,89.1,94.8,90.6,113.8
CI-24-129-028,P-129,False,,89.7,95.8,95.7,102.1,86.0,73.7,81.0,82.7,79.1,80.3,87.9,87.1
CI-24-129-029,P-129,False,,198.0,186.0,189.4,223.7,201.6,186.0,177.8,170.6,166.6,161.7,164.5,186.8
CI-24-129-030,P-129,False,,75.6,87.2,85.6,85.9,79.4,79.6,78.3,76.8,71.8,77.4,75.0,82.1
CI-24-129-031,P-129,False,,66.9,64.1,75.1,77.6,75.6,72.2,65.9,61.6,65.5,65.5,63.7,73.5
CI-24-129-032,P-129,False,,91.0,96.7,113.2,109.1,99.7,100.0,94.8,75.4,83.7,88.8,90.0,97.5
CI-24-129-033,P-129,False,,114.4,109.6,107.6,117.8,111.4,108.5,102.9,114.2,85.4,97.0,102.4,102.1
CI-24-129-034,P-129,False,,116.7,121.1,118.4,117.5,116.6,112.5,107.7,102.8,103.5,107.3,98.1,103.7
CI-24-129-035,P-129,False,,98.6,121.0,120.0,122.5,106.8,124.8,103.8,104.6,106.7,96.1,102.0,111.4
CI-24-129-036,P-129,False,,114.2,103.6,114.7,112.8,105.7,93.8,101.4,83.4,98.4,91.5,78.5,95.5
CI-24-129-037,P-129,False,,98.2,97.1,105.7,96.7,92.3,96.2,92.5,86.9,93.4,83.1,92.1,94.8
CI-24-129-038,P-129,False,,112.7,119.5,133.5,150.1,136.4,114.0,98.9,122.0,113.8,123.2,112.7,127.0
CI-24-129-039,P-129,False,,65.1,62.9,64.8,67.0,67.9,63.3,64.1,56.6,52.5,64.3,57.1,59.9
CI-24-129-040,P-129,True,chute_brutale,68.8,72.4,72.4,39.6,38.8,37.9,30.8,38.4,33.5,35.2,32.2,35.7
CI-24-129-041,P-129,False,,51.8,48.0,53.4,49.4,49.1,48.0,50.2,39.7,40.4,39.0,42.6,45.3
